omega,direct_percent,equilibrium_percent,input_percent,total_first_order_percent,exact_percent
0.014999999999999996,26.699947734330884,-13.425067470168276,6.666666666666667,19.941546930829276,23.357908377827297
0.015353219612232927,26.701530973667783,-13.42944199925828,6.666666666666667,19.93875564107617,23.353190829632343
0.01571475683076358,26.703189398592592,-13.434025302789847,6.666666666666666,19.93583076246941,23.348247925270172
0.016084807518370055,26.704926566565135,-13.43882736059414,6.666666666666665,19.93276587263766,23.343068871784144
0.016463572150002055,26.70674620207502,-13.443858631096248,6.666666666666666,19.92955423764544,23.3376423566394
0.016851255921388218,26.70865220436589,-13.449130074424627,6.666666666666666,19.92618879660793,23.331956522456853
0.017248068860200926,26.71064865548802,-13.454653176634451,6.666666666666665,19.92266214552023,23.325998940491942
0.01765422593983873,26.71273982871917,-13.4604399751272,6.666666666666665,19.918966520258635,23.31975658279839
0.01806994719588821,26.714930197336844,-13.466503085294848,6.666666666666665,19.915093778708663,23.31321579300385
0.01849545784532829,26.717224443805613,-13.472855728499871,6.666666666666665,19.911035381972408,23.306362255633207
0.018930988408541446,26.71962746934405,-13.479511761406377,6.666666666666667,19.90678237460434,23.299180963897538
0.01937677483419818,26.722144403912914,-13.486485706757419,6.666666666666666,19.90232536382216,23.29165618587212
0.019833058627082196,26.724780616641823,-13.493792785672996,6.666666666666665,19.897654497635493,23.28377142897984
0.020300086978925595,26.727541726694678,-13.501448951528934,6.666666666666667,19.89275944183241,23.275509402690275
0.020778112902324973,26.7304336146123,-13.509470925519853,6.666666666666666,19.88762935575911,23.266851979341684
0.021267395367811057,26.733462434127922,-13.517876233969384,6.666666666666666,19.882252866825205,23.257780152986275
0.021768199444145903,26.73663462448704,-13.526683247492096,6.666666666666665,19.87661804366161,23.248273996155856
0.02228079644192391,26.739956923280275,-13.535911222092368,6.666666666666666,19.870712367854573,23.238312614436097
0.022805464060554392,26.74343637980919,-13.545580342302175,6.666666666666665,19.86452270417368,23.22787409873419
0.023342486538705128,26.747080369009346,-13.555711766469386,6.666666666666665,19.858035269206624,23.21693547511645
0.023892154808288706,26.75089660593633,-13.566327674294712,6.666666666666667,19.851235598308286,23.205472652085124
0.024454766652074897,26.754893160837618,-13.57745131673931,6.666666666666666,19.844108510764976,23.19346036515808
0.02503062686501441,26.75907847483311,-13.589107068430927,6.666666666666668,19.83663807306885,23.18087211860538
0.025620047419361566,26.763461376206987,-13.601320482683494,6.666666666666667,19.82880756019016,23.16768012418864
0.026223347633685314,26.768051097346184,-13.614118349285482,6.666666666666667,19.82059941472737,23.153855236741027
0.026840854345859956,26.772857292319156,-13.627528755177712,6.666666666666666,19.81199520380811,23.139366886415292
0.027472902090129623,26.777890055131643,-13.6415811481946,6.666666666666666,19.80297557360371,23.12418300741821
0.028119833278342214,26.783159938657455,-13.656306404011618,6.666666666666665,19.793520201312504,23.108269963036875
0.028781998385450924,26.788677974264477,-13.671736896475378,6.666666666666666,19.783607744455765,23.091592466756694
0.029459756139384098,26.794455692144144,-13.687906571490547,6.666666666666666,19.77321578732026,23.07411349924937
0.030153473715386094,26.80050514235511,-13.704851024652374,6.666666666666666,19.7623207843694,23.055794221007808
0.030863526934934396,26.80683891658759,-13.722607582821581,6.666666666666666,19.750898000432677,23.036593880380487
0.03159030046934092,26.813470170652106,-13.741215389849058,6.666666666666666,19.738921447469714,23.016469716753775
0.03233418804814774,26.820412647693686,-13.760715496669468,6.666666666666664,19.72636381769088,22.99537685860664
0.03309559267242997,26.827680702133605,-13.781150955999763,6.666666666666664,19.713196412800507,22.973268216152974
0.033874926833121606,26.835289324321206,-13.802566921875174,6.666666666666665,19.699389069112698,22.950094368263983
0.03467261273448254,26.84325416590012,-13.825010754296063,6.666666666666667,19.684910078270725,22.925803443353733
0.03548908252282764,26.851591565858058,-13.848532129242203,6.666666666666666,19.66972610328252,22.90034099388003
0.036324778520642004,26.860318577241973,-13.873183154345696,6.666666666666667,19.653802089562944,22.873649864104983
0.03718015346620922,26.86945299451154,-13.89901849052685,6.666666666666665,19.637101170651356,22.84567005073226
0.038055670758882235,26.879013381482388,-13.926095479900427,6.666666666666667,19.619584568248627,22.816338556013815
0.038951804710129975,26.889019099818825,-13.954474280294528,6.666666666666664,19.601211486190962,22.785589232905856
0.03986904080049564,26.89949033800987,-13.984218006726456,6.666666666666664,19.581938997950076,22.753352621816035
0.04080787594260564,26.91044814075693,-14.015392880205175,6.666666666666668,19.56172192721842,22.719555778472067
0.04176881875037206,26.921914438684286,-14.048068384245823,6.666666666666667,19.54051272110513,22.684122092403936
0.04275238981453433,26.93391207827109,-14.08231742950481,6.666666666666665,19.518261315432945,22.64697109551459
0.04375912198468905,26.94646485187444,-14.118216526952866,6.666666666666666,19.49491499158824,22.608018260179396
0.044789560657961386,26.959597527707764,-14.155845970039639,6.666666666666665,19.47041822433479,22.567174786287183
0.04584426407447395,26.973335879594735,-14.195290026303415,6.666666666666667,19.44471251995799,22.5243473766086
0.04692380361977327,26.987706716309926,-14.236637138918443,6.666666666666666,19.417736244058148,22.479437999843466
0.04802876413437794,27.002737910271577,-14.279980138677347,6.666666666666664,19.389424438260896,22.432343640672347
0.049159744230616066,27.018458425325253,-14.325416466935108,6.666666666666667,19.35970862505681,22.38295603610334
0.050317356616923284,27.034898343310726,-14.373048410052595,6.666666666666667,19.328516599924797,22.331161397379407
0.051502228429777634,27.052088889061107,-14.42298334589849,6.666666666666666,19.29577220982928,22.276840116678077
0.052715001573450826,27.070062453431486,-14.475334002983445,6.666666666666669,19.26139511711471,22.21986645781271
0.05395633306775967,27.08885261389505,-14.53021873281355,6.666666666666668,19.22530054774817,22.160108230115583
0.05522689540400663,27.108494152173975,-14.587761796056025,6.666666666666668,19.187399022784618,22.097426444661707
0.05652737690930209,27.129023068303983,-14.648093663123456,6.666666666666667,19.147596071847193,22.03167495197644
0.057858482119465315,27.150476590437943,-14.711351329775953,6.666666666666668,19.10579192732866,21.962700060353946
0.05922093216070685,27.172893179602006,-14.777678648340393,6.666666666666666,19.06188119792828,21.89034013391047
0.06061546514029869,27.196312528505338,-14.847226675129527,6.666666666666667,19.01575252004248,21.814425169498897
0.062042836546443686,27.2207755533811,-14.920154034621856,6.666666666666667,18.96728818542591,21.734776351623818
0.06350381965756138,27.246324377694528,-14.996627300926697,6.666666666666665,18.916363743434495,21.65120558452447
0.06499920596121163,27.273002306394446,-15.07682139700836,6.666666666666665,18.86284757605275,21.56351500063851
0.06652980558288281,27.300853789208094,-15.160920012080208,6.666666666666668,18.806600443794554,21.471496444721172
0.06809644772487732,27.329924371266944,-15.249116037480904,6.666666666666664,18.747475000452702,21.374930932983393
0.06969998111553205,27.36026062913052,-15.34161202124071,6.666666666666667,18.685315274556476,21.273588086732275
0.07134127446901678,27.39191009000674,-15.438620641391438,6.666666666666664,18.619956115281965,21.167225540148582
0.07302121695596002,27.424921131677216,-15.540365197894783,6.666666666666666,18.5512226004491,21.055588322032158
0.0747407186851574,27.459342860300936,-15.647080122834481,6.666666666666666,18.47892940413312,20.93840821159283
0.07650071119662286,27.49522496289518,-15.759011508237771,6.666666666666666,18.402880121324074,20.815403068667095
0.07830214796625046,27.53261753086783,-15.8764176505479,6.666666666666667,18.3228665469866,20.68627613912206
0.0801460049223601,27.57157085049596,-15.999569610350834,6.666666666666665,18.23866790681179,20.550715336661153
0.0820332809744064,27.6121351557095,-16.128751785455187,6.666666666666666,18.15005003692098,20.408392502810212
0.08396499855413801,27.654360337927,-16.264262494809,6.666666666666666,18.056764509784664,20.258962647529934
0.08594220416950009,27.698295607011815,-16.406414570006156,6.666666666666664,17.958547703672323,20.102063173711638
0.0879659689715797,27.743989096647315,-16.55553595025265,6.666666666666666,17.85511981306133,19.937313089775664
0.09003738933490202,27.791487406568503,-16.711970275610142,6.666666666666666,17.74618379762503,19.76431221573789
0.09215758745139131,27.84083507312503,-16.876077472083164,6.666666666666666,17.63142426770853,19.582640389468953
0.09432771193831817,27.89207395857039,-17.048234320623827,6.666666666666666,17.51050630461323,19.391856681473605
0.09654893846056298,27.945242548271437,-17.228835000364,6.666666666666668,17.383074214574105,19.191498628399305
0.09882247036753235,28.00037514369316,-17.41829159429286,6.666666666666666,17.248750216066966,18.981081497687402
0.10114953934507367,28.05750093753514,-17.61703454313786,6.666666666666666,17.107133061063948,18.76009759836044
0.10353140608274075,28.116642955752877,-17.825513030297795,6.666666666666667,16.95779659212175,18.528015655919393
0.10596936095677244,28.177816849404714,-18.044195277277115,6.666666666666666,16.800288238794266,18.284280272795115
0.10846472472915394,28.241029517291327,-18.273568725071453,6.666666666666667,16.634127458886542,18.028311499787186
0.11101884926313947,28.306277538221977,-18.514140072294627,6.666666666666668,16.458804132594018,17.75950454850097
0.11363311825562425,28.373545389439613,-18.76643513540394,6.666666666666668,16.273776920702343,17.477229680031094
0.11630894798676228,28.44280342528162,-19.03099849006993,6.666666666666668,16.07847160187836,17.18083231107521
0.11904778808723586,28.514005587572477,-19.308392845439517,6.666666666666666,15.872279408799626,16.869633385378858
0.12185112232359327,28.587086816569087,-19.599198094626146,6.666666666666665,15.654555388609605,16.54293006593106
0.12472046940207906,28.661960128572424,-19.90400997510646,6.666666666666666,15.424616820132629,16.199996811709227
0.12765738379139313,28.73851332366234,-20.22343826168523,6.666666666666665,15.181741728643772,15.840086912002649
0.13066345656482417,28.816605284520293,-20.558104402185062,6.666666666666665,14.925167549001895,15.462434561418203
0.1337403162622136,28.896061825138663,-20.908638491932418,6.666666666666666,14.65408999987291,15.066257569519648
0.1368896297722168,28.976671046586006,-21.275675467373656,6.666666666666666,14.367662245879016,14.650760810550455
0.14011310323534024,29.058178156185054,-21.659850381753667,6.666666666666665,14.064994441098051,14.21514053062336
0.14341248296824285,29.140279706826362,-22.061792606786543,6.666666666666666,13.745153766706485,13.758589641841933
0.14678955640980312,29.222617215149402,-22.48211878382613,6.666666666666667,13.407165097989939,13.280304144576016
0.15024615308946404,29.30477012155783,-22.921424326539903,6.666666666666667,13.050012461684595,12.779490829976359
0.15378414561838072,29.386248062225317,-23.38027325506566,6.666666666666666,12.672641473826323,12.255376423948693
0.15740545070390713,29.466482434288025,-23.85918611994258,6.666666666666666,12.27396298101211,11.707218340207914
0.16111203018797268,29.54481725138437,-24.358625753988292,6.666666666666667,11.852858164062745,11.134317212352318
0.16490589210990975,29.62049930887907,-24.878980573480746,6.666666666666666,11.408185402064989,10.53603137154797
0.16878909179430887,29.69266770798044,-25.42054513884252,6.666666666666665,10.938789235804585,9.91179342541817
0.17276373296449113,29.760342827214163,-25.983497682624048,6.666666666666666,10.443511811256782,9.261129072802099
0.17683196888219985,29.822414880195655,-26.567874322957316,6.666666666666667,9.921207223905007,8.58367825556028
0.18099600351413023,29.87763226226831,-27.173539708854747,6.666666666666666,9.37075922008023,7.8792186996679225
0.18525809272592828,29.924589967218612,-27.800153895976464,6.666666666666666,8.791102737908814,7.147691830400005
0.1896205455043059,29.961718450543795,-28.44713533519,6.666666666666667,8.181249782020462,6.389230957448366
0.19408572520793438,29.98727342867175,-29.11361997995244,6.666666666666667,7.540320115385977,5.604191512605117
0.1986560508477939,29.999327234145007,-29.79841669168662,6.666666666666667,6.867577209125055,4.793182983131938
0.20333399839767277,29.995762493537768,-30.499959354705847,6.666666666666665,6.162469805498586,3.9571020172747717
0.20812210213552587,29.974269053939516,-31.216256413158323,6.666666666666668,5.42467930744786,3.0971659854655664
0.21302295601642,29.932345248215395,-31.94483891931057,6.666666666666667,4.654172995571492,2.2149460650475516
0.21803921507780882,29.8673047478469,-32.68270863881847,6.666666666666666,3.8512627756950994,1.3123986845293034
0.22317359687789917,29.776290388836138,-33.42628829151749,6.666666666666666,3.016668763985317,0.3918939261553511
0.22842888296788844,29.656296449014395,-34.17137660303334,6.666666666666666,2.1515865126477234,-0.5437607417775991
0.23380792039886972,29.50420087615594,-34.913111477028764,6.666666666666665,1.257756065793843,-1.4913032287603545
0.23931362326422143,29.316808882052985,-35.64594522673205,6.666666666666667,0.33753032198759936,-2.4470080505908154
0.2449489742783178,29.090909090909086,-36.36363636363636,6.666666666666666,-0.6060606060606073,-3.406688050669693
0.25071702639241383,28.82334302356607,-37.059262845034375,6.666666666666667,-1.569253154801637,-4.365708588695139
0.2566209044485819,28.5110880800702,-37.72526182410006,6.666666666666665,-2.5475070773631954,-5.319015976103348
0.2626638068725947,28.15135333292047,-38.353500706163196,6.666666666666665,-3.5354807065760623,-6.261181576946672
0.26884900740667217,27.741686365756998,-38.93538357058455,6.666666666666669,-4.527030538160882,-7.186462453173448
0.27517985688303165,27.28008812394678,-39.46199566489467,6.666666666666667,-5.5152408742812264,-8.08887871558779
0.2816597850392008,26.765131363089974,-39.92428665583099,6.666666666666667,-6.492488626074349,-8.96230686643149
0.2882923023760779,26.19607691409078,-40.31329064299376,6.666666666666666,-7.450547062236316,-9.800587428974449
0.2950810020597456,25.572980798064954,-40.62037771871205,6.666666666666665,-8.380730253980431,-10.597644118599325
0.3020295618680688,24.896784420358127,-40.83752832627146,6.666666666666668,-9.274077239246665,-11.347610802927942
0.3091417461831301,24.169379854694125,-40.957618182781395,6.666666666666665,-10.121571661420607,-12.044961622404582
0.31642140803058444,23.393642769239715,-40.97469854313395,6.666666666666666,-10.914389107227565,-12.684638996404928
0.32387249116703515,22.573426946655655,-40.884254578615376,6.666666666666665,-11.644160965293057,-13.262173911570196
0.33149903221656396,21.71351659922089,-40.68342407775043,6.666666666666666,-12.303240811862876,-13.773792942623775
0.33930516285757234,20.819535631561447,-40.37115986245269,6.666666666666664,-12.884957564224582,-14.216506919406225
0.3472951120611178,19.897816375779076,-39.94832234192121,6.666666666666665,-13.383839299475472,-14.588177011880399
0.3554732083819591,18.955233730332264,-39.417693315555255,6.666666666666666,-13.795792918556325,-14.887555197271729
0.3638438823035504,17.99901364202726,-38.78390802111585,6.666666666666665,-14.118227712421923,-15.114297500982964
0.372411668638256,17.036527076807978,-38.05330882213845,6.666666666666666,-14.350115078663803,-15.268949938827802
0.38118120898408414,16.07508173249001,-37.23373004794089,6.666666666666666,-14.491981648784213,-15.352908594791392
0.3901572542392733,15.121723621080786,-36.334228582073536,6.666666666666666,-14.545838294326083,-15.368356615130496
0.3993446671760906,14.183059342345809,-35.364778250964704,6.666666666666665,-14.515052241952233,-15.318181978496392
0.408748425075239,13.26510760699934,-34.33594757054653,6.666666666666666,-14.404173296880524,-15.205880640257663
0.41837362242229875,12.373185691392408,-33.25857994613868,6.666666666666664,-14.21872758807961,-15.035450015776942
0.4282254736676647,11.511833411217042,-32.143493249867845,6.666666666666666,-13.964993171984139,-14.81127777101815
0.43830931605147505,10.684774264791113,-31.001212282031783,6.666666666666668,-13.649771350574003,-14.538030573028493
0.4486306124950605,9.894910914846701,-29.841743517174752,6.666666666666665,-13.280165935661387,-14.22054688564318
0.4591949545604822,9.144350338908126,-28.67439729464045,6.666666666666666,-12.863380289065658,-13.86373715830549
0.47000806547976026,8.434452852611981,-27.507658700367365,6.666666666666667,-12.406539181088714,-13.472493931148822
0.48107580325543425,7.765898765843355,-26.349105127177953,6.666666666666667,-11.916539694667929,-13.05161354296197
0.4924041638341361,7.138766562969389,-25.205366068604757,6.666666666666668,-11.399932838968699,-12.60573034213418
0.5039992843548943,6.552617059948297,-24.082119132974984,6.666666666666665,-10.862835406360023,-12.139263608820116
0.5158674464739282,6.006578826735017,-22.984115491414563,6.666666666666666,-10.310869998012882,-11.65637682650873
0.5280150797677357,5.4994311300054415,-21.915227860380142,6.666666666666666,-9.749130063708035,-11.16094850409527
0.5404487652163156,5.029681632333398,-20.878514500867908,6.666666666666666,-9.182166201867844,-10.656553443608841
0.5531752387684137,4.595636995600469,-19.876293426047575,6.666666666666667,-8.613989763780438,-10.146453162670522
0.5662013949907228,4.195465326479774,-18.91022189862185,6.666666666666665,-8.048089905475411,-9.633594097328956
0.5795342908030138,3.827250045482931,-17.98137724950642,6.666666666666666,-7.487460537356823,-9.120612210110913
0.5931811493012221,3.489035254320531,-17.090335973275646,6.666666666666666,-6.93463405228845,-8.609842689517944
0.6071493636705595,3.1788630294182534,-16.23724889618949,6.666666666666667,-6.391719200104572,-8.103333531757883
0.6214465011907717,2.8948033008485607,-15.421910937877408,6.666666666666665,-5.860440970362183,-7.602861926628712
0.6360803073357126,2.6349771077988438,-14.643824585832816,6.666666666666666,-5.342180811367305,-7.109952513545215
0.6510587099694541,2.397574076419987,-13.902256674447495,6.666666666666666,-4.838015931360841,-6.625896720155966
0.6663898236412061,2.180864964115901,-13.196288417780194,6.666666666666667,-4.348756786997625,-6.151772537158529
0.682081953981374,1.9832100737640128,-12.524858902694081,6.666666666666667,-3.874982162263401,-5.688464213609179
0.6981436022011325,1.803064276403096,-11.886802423266266,6.666666666666666,-3.417071480196503,-5.236681474156091
0.714583469697958,1.6389793027316426,-11.280880145113969,6.666666666666666,-2.9752341757156593,-4.796977961732651
0.7314104627696095,1.4896038805438065,-10.705806644739381,6.666666666666666,-2.549536097528909,-4.369768696074772
0.7486336974391155,1.3536822127336086,-10.160271887396203,6.666666666666666,-2.139923007995927,-3.955346410560312
0.7662625043933785,1.2300512124835354,-9.642959198331686,6.666666666666664,-1.746241319181486,-3.5538966884320122
0.784306434038076,1.1176368409576038,-9.152559755393371,6.666666666666667,-1.368256247769101,-3.1655118658997505
0.8027752616715906,1.0154498293581347,-8.68778409277505,6.666666666666665,-1.0056675967502509,-2.7902037054852724
0.821678992780779,0.9225810119072865,-8.247371061278894,6.666666666666665,-0.6581233827049422,-2.427914869842407
0.8410278684614437,0.8381964489800637,-7.830094643650682,6.666666666666664,-0.32523152800395394,-2.0785292456621307
0.8608323709664462,0.761532479718633,-7.434768976935343,6.666666666666666,-0.006569830550044564,-1.741881180516458
0.8811032293844675,0.6918908102916503,-7.060251889153862,6.666666666666666,0.29830558780445493,-1.417763703826036
0.9018514254524916,0.6286337167421395,-6.705447216009512,6.666666666666667,0.5898531673992942,-1.105935807609304
0.9230881995051611,0.5711794192988293,-6.369306125388369,6.666666666666667,0.8685399605771273,-0.8061288641742492
0.944825056564228,0.5189976673511018,-6.050827643374807,6.666666666666665,1.1348366906429606,-0.5180522572010404
0.9670737725713995,0.47160556030798706,-5.749058545361707,6.666666666666666,1.3892136816129463,-0.24139830033189646
0.989846400767953,0.4285636186543102,-5.463092749446042,6.666666666666665,1.632137535874934,0.024153486061773144
1.0131552782245807,0.3894721111346604,-5.192070326411072,6.666666666666667,1.8640684513902555,0.2789326734482289
1.0370130325249962,0.353967637668959,-4.93517622090371,6.666666666666666,2.0854580834319156,0.5232747371623381
1.0614325886069276,0.3217199629329897,-4.69163876159278,6.666666666666667,2.296747868006877,0.7575183248245132
1.086427175764203,0.2924290921884922,-4.460728023814326,6.666666666666666,2.4983677350408318,0.9820029289192789
1.1120103348137194,0.2658225786434999,-4.24175409615944,6.666666666666664,2.6907351491507243,1.1970669160370928
1.1381959254311802,0.24165305013563687,-4.034065292344873,6.666666666666668,2.874254424457432,1.4030458698328863
1.1649981336595734,0.21969594207371357,-3.8370463412603257,6.666666666666666,3.049316267480054,1.6002712090542826
1.1924314795944615,0.19974742319567354,-3.650116581067599,6.666666666666665,3.2162975087947396,1.7890690460193648
1.2205108252502408,0.18162250068313446,-3.4727281774245014,6.666666666666668,3.375560989925301,1.9697592546403575
1.2492513826116396,0.16515329141863092,-3.3043643811329053,6.666666666666665,3.527455576952391,2.142654720507231
1.2786687218748085,0.15018744660544417,-3.1445378366050787,6.666666666666667,3.6723162766670323,2.30806074866019
1.3087787798824746,0.13658671753227294,-2.992788949364584,6.666666666666667,3.810464434834356,2.46627460750084
1.3395978687577261,0.12422565091029197,-2.8486843182292456,6.666666666666666,3.9422079993477124,2.617585189837768
1.3711426847411035,0.1129904029029509,-2.711815235761195,6.666666666666664,4.06784183380842,2.762272774344532
1.403430317235788,0.10277766168271353,-2.5817962589265617,6.666666666666666,4.187648069422818,2.9006088727561385
1.4364782580657853,0.09349366906415398,-2.4582638506122714,6.666666666666665,4.301896485118547,3.0328561499472384
1.4703044109521206,0.0850533324647504,-2.3408750916377423,6.666666666666667,4.410844907493675,3.1592684056570564
1.5049271012121785,0.07737941912340075,-2.2293064621237653,6.666666666666666,4.514739623666301,3.2800906080626246
1.5403650856874447,0.07040182515505325,-2.12325269049644,6.666666666666665,4.613815801325279,3.39555897066659
1.576637562905022,0.06405691263347689,-2.022425667974609,6.666666666666666,4.708297911325534,3.5059010650917655
1.613764183478434,0.05828690847063599,-1.9265534260852886,6.666666666666666,4.798400149052013,3.611335963358253
1.6517650607533432,0.05303935939926283,-1.8353791745480978,6.666666666666666,4.884326851517831,3.7120744040857634
1.6906607817039563,0.04826663786507214,-1.7486603967464547,6.666666666666666,4.966272907785283,3.8083189778269855
1.7304724180860154,0.04392549409729519,-1.6661679999435413,6.666666666666666,5.04442416082042,3.9002643274040016
1.7712215378524234,0.03997665005227814,-1.587685517390683,6.666666666666667,5.118957799328262,3.9880973597044456
1.8129302168376797,0.03638443131634573,-1.5130083595039927,6.666666666666666,5.190042738479019,4.071997465902544
1.855621050717464,0.033116433412827995,-1.441943111342267,6.666666666666667,5.257839988737228,4.1521367475154225
1.8993171672498426,0.03014321928632404,-1.3743068736980717,6.666666666666666,5.322503012254918,4.2286802460969275
1.9440422388047314,0.02743804503668903,-1.3099266452084382,6.666666666666664,5.384178066494915,4.301786174701028
1.9898204951884009,0.024976611248247207,-1.2486387429970138,6.666666666666665,5.443004534917899,4.371606149548568
2.0366767367699725,0.022736837508147884,-1.190288259471715,6.666666666666666,5.499115244703098,4.43828542057747
2.0846363479170202,0.0206986579337064,-1.134728553018162,6.666666666666667,5.552636771582211,4.501963099785433
2.1337253107475482,0.01884383573370665,-1.0818207704468126,6.666666666666666,5.60368973195356,4.562772386455771
2.1839702192058033,0.01715579501489472,-1.0314333991689508,6.666666666666666,5.65238906251261,4.620840788530067
2.235398293469546,0.015619468213765446,-0.9834418471921509,6.666666666666666,5.6988442876882806,4.676290339527789
2.288037394696577,0.01422115768684065,-0.9377280491384102,6.666666666666664,5.743159775215094,4.729237810536557
2.341916040118521,0.0129484101313486,-0.8941800965969697,6.666666666666666,5.785434980201045,4.779794916904057
2.3970634184900366,0.011789902633846253,-0.8526918912285631,6.666666666666668,5.825764678071951,4.828068519348538
2.4535094059018228,0.010735339258069822,-0.8131628191378526,6.666666666666667,5.864239186786884,4.8741608192834684
2.511284581965988,0.009775357186252035,-0.7754974451260502,6.666666666666665,5.900944578726867,4.918169548219153
2.5704202463825583,0.008901441521351328,-0.7396052255260344,6.666666666666666,5.935962882661983,4.960188151154421
2.6309484358960864,0.008105847941944147,-0.7054002384076354,6.666666666666665,5.969372276200974,5.0003059639250225
2.692901941651556,0.007381532477840708,-0.6728009300212218,6.666666666666666,6.001247269123285,5.038608384508447
2.7563143269589863,0.006722087743523109,-0.6417298764234044,6.666666666666665,6.031658877986784,5.075177038321121
2.8212199454763542,0.006121685028955753,-0.612113559299695,6.666666666666667,6.060674792395927,5.110089937572848
2.887653959820685,0.005575021703849938,-0.5838821550655343,6.666666666666666,6.088359533304982,5.143421634761047
2.955652360617401,0.005077273442580704,-0.5569693363893343,6.666666666666666,6.114774603719912,5.175243370409821
3.025251985998242,0.004624050823242148,-0.5313120853394095,6.666666666666666,6.139978632150498,5.205623215173505
3.0964905415583215,0.00421135989619164,-0.5068505174109588,6.666666666666666,6.164027509151899,5.234626206433224
3.1694066207831324,0.0038355663553289645,-0.48352771573991354,6.666666666666666,6.186974517282081,5.262314479526964
3.244039725956565,0.0034933629796610175,-0.46128957485766725,6.666666666666666,6.20887045478866,5.288747393759663
3.3204302895612705,0.0031817400437530777,-0.4400846533846591,6.666666666666666,6.22976375332576,5.313981653344002
3.398619696182958,0.0028979584237703152,-0.4198640351016683,6.666666666666665,6.249700589988767,5.338071423427526
3.4786503049304867,0.0026395251512799913,-0.40058119787575963,6.666666666666666,6.268724993942186,5.361068441361461
3.56056547238392,0.002404171190025678,-0.38219188995316955,6.666666666666665,6.286878947903522,5.383022123369718
3.644409576082947,0.002189831231761913,-0.3646540131643628,6.666666666666666,6.304202484734065,5.403979666774661
3.730228038568413,0.001994625326162991,-0.3479275126170312,6.666666666666667,6.320733779375799,5.423986147934956
3.818067351989981,0.0018168421769356293,-0.3319742724812457,6.666666666666667,6.336509236362357,5.443084616051896
3.9079751032932553,0.0016549239518093345,-0.3167580174973787,6.666666666666668,6.351563573121099,5.461316182993792
4.0,0.0015074524681394186,-0.3022442198619426,6.666666666666666,6.365929899272863,5.478720109288893
